--Ahora modificamos nuestra BD--

-- Poblamos las tablas --

--CIUDAD--

-- Secuencia ciudad --
CREATE SEQUENCE SECUENCIA_CIUDAD
START WITH 1
INCREMENT BY 1;


-- Datos --
INSERT INTO CIUDAD (CODIGO, NOMBRE) 
VALUES (SECUENCIA_CIUDAD.NEXTVAL, 'BOGOTA');

INSERT INTO CIUDAD (CODIGO, NOMBRE) 
VALUES (SECUENCIA_CIUDAD.NEXTVAL, 'MEDELLIN');

INSERT INTO CIUDAD (CODIGO, NOMBRE) 
VALUES (SECUENCIA_CIUDAD.NEXTVAL, 'CALI');

INSERT INTO CIUDAD (CODIGO, NOMBRE) 
VALUES (SECUENCIA_CIUDAD.NEXTVAL, 'BARRANQUILLA');

INSERT INTO CIUDAD (CODIGO, NOMBRE) 
VALUES (SECUENCIA_CIUDAD.NEXTVAL, 'CARTAGENA');

INSERT INTO CIUDAD (CODIGO, NOMBRE) 
VALUES (SECUENCIA_CIUDAD.NEXTVAL, 'CUCUTA');

INSERT INTO CIUDAD(CODIGO, NOMBRE)
VALUES (SECUENCIA_CIUDAD.NEXTVAL, 'BUCARAMANGA');

INSERT INTO CIUDAD(CODIGO, NOMBRE)
VALUES (SECUENCIA_CIUDAD.NEXTVAL, 'PEREIRA');




-- SUCURSAL --
-- Secuencia sucursal --
CREATE SEQUENCE SECUENCIA_SUCURSAL
START WITH 1
INCREMENT BY 1;

--Datos--
INSERT INTO SUCURSAL (ID, NOMBRE, TAMANIO, DIRECCION, TELEFONO, CODIGO_CIUDAD)
VALUES (SECUENCIA_SUCURSAL.NEXTVAL, 'Sucursal norte', 45, 'Calle 10 #5-23', '3118857834', 7);

INSERT INTO SUCURSAL (ID, NOMBRE, TAMANIO, DIRECCION, TELEFONO, CODIGO_CIUDAD)
VALUES (SECUENCIA_SUCURSAL.NEXTVAL, 'Sucursal sur', 43.2, 'Avenida Las Americas #20-50', '3142492918', 7);

INSERT INTO SUCURSAL (ID, NOMBRE, TAMANIO, DIRECCION, TELEFONO, CODIGO_CIUDAD)
VALUES (SECUENCIA_SUCURSAL.NEXTVAL, 'Sucursal occidente', 32, 'Calle 10 #5-23', '3059976735', 1);

INSERT INTO SUCURSAL (ID, NOMBRE, TAMANIO, DIRECCION, TELEFONO, CODIGO_CIUDAD)
VALUES (SECUENCIA_SUCURSAL.NEXTVAL, 'Sucursal oriente', 58, 'Carrera 7 #45-90', '3102910801', 1);


-- BODEGA --
-- Secuencia bodega --
CREATE SEQUENCE SECUENCIA_BODEGA
START WITH 1
INCREMENT BY 1;


-- Datos--
INSERT INTO BODEGA (ID, NOMBRE, TAMANIO, CAPACIDAD, ID_SUCURSAL)
VALUES (SECUENCIA_BODEGA.NEXTVAL, 'BodegitaSheriyn', 22, 2, 2);

INSERT INTO BODEGA (ID, NOMBRE, TAMANIO, CAPACIDAD, ID_SUCURSAL)
VALUES (SECUENCIA_BODEGA.NEXTVAL, 'BodegitaHarry', 21.1, 20, 3);

INSERT INTO BODEGA (ID, NOMBRE, TAMANIO, CAPACIDAD, ID_SUCURSAL)
VALUES (SECUENCIA_BODEGA.NEXTVAL, 'BodegitaLinda', 19, 22, 1);

INSERT INTO BODEGA (ID, NOMBRE, TAMANIO, CAPACIDAD, ID_SUCURSAL)
VALUES (SECUENCIA_BODEGA.NEXTVAL, 'BodegitaTaylor', 25, 13, 4);


-- PROVEEDOR --
-- Datos --
INSERT INTO PROVEEDOR (NIT, NOMBRE, DIRECCION, NOMBRE_PERSONA_CONTACTO, TELEFONO_PERSONA_CONTACTO)
VALUES ('900123456-7', 'Proveeduria Andina', 'Calle 123 #45-67 en Bogota', 'Armando Mendoza Saenz', '3001234567');

INSERT INTO PROVEEDOR (NIT, NOMBRE, DIRECCION, NOMBRE_PERSONA_CONTACTO, TELEFONO_PERSONA_CONTACTO)
VALUES ('800234567-8', 'Distribuidora Seneca', 'Carrera 50 #10-20 en Medellin', 'Beatriz Aurora Pinzon Solano', '3102345678');

INSERT INTO PROVEEDOR (NIT, NOMBRE, DIRECCION, NOMBRE_PERSONA_CONTACTO, TELEFONO_PERSONA_CONTACTO)
VALUES ('900345678-9', 'Almacenes PipeBueno', 'Avenida Siempre Viva #101 en Cali', 'Marcela Valencia', '3203456789');

INSERT INTO PROVEEDOR (NIT, NOMBRE, DIRECCION, NOMBRE_PERSONA_CONTACTO, TELEFONO_PERSONA_CONTACTO)
VALUES ('901234567-0', 'Comercializadora SurtiPlus', 'Calle 80 #22-50 en Bogota', 'Aura Maria Rodriguez', '3014567890');

INSERT INTO PROVEEDOR (NIT, NOMBRE, DIRECCION, NOMBRE_PERSONA_CONTACTO, TELEFONO_PERSONA_CONTACTO)
VALUES ('902345678-1', 'Suministros Hamilton', 'Carrera 15 #45-10 en Barranquilla', 'Freddy Rincon', '3115678901');


-- CATEGORIA --
-- Secuencia categoria --
CREATE SEQUENCE SECUENCIA_CATEGORIA
START WITH 1
INCREMENT BY 1;


-- Datos --
INSERT INTO CATEGORIA (CODIGO, NOMBRE, DESCRIPCION, CARACTERISTICAS_ALMACENAMIENTO)
VALUES (SECUENCIA_CATEGORIA.NEXTVAL, 'PERECEDERO', 'Productos que tienen una fecha de expiracion.', 'Refrigeracion o conservacion en ambiente fresco.');

INSERT INTO CATEGORIA (CODIGO, NOMBRE, DESCRIPCION, CARACTERISTICAS_ALMACENAMIENTO)
VALUES (SECUENCIA_CATEGORIA.NEXTVAL, 'NO_PERECEDERO', 'Productos que no tienen fecha de expiracion.', 'Almacenamiento en estanterias o lugares secos.');

INSERT INTO CATEGORIA (CODIGO, NOMBRE, DESCRIPCION, CARACTERISTICAS_ALMACENAMIENTO)
VALUES (SECUENCIA_CATEGORIA.NEXTVAL, 'ASEO', 'Productos utilizados para la limpieza e higiene.', 'Almacenamiento en lugares frescos y secos, alejados del sol.');

INSERT INTO CATEGORIA (CODIGO, NOMBRE, DESCRIPCION, CARACTERISTICAS_ALMACENAMIENTO)
VALUES (SECUENCIA_CATEGORIA.NEXTVAL, 'CONGELADO', 'Productos que requieren ser mantenidos a bajas temperaturas.', 'Almacenamiento en congeladores o refrigeradores.');

INSERT INTO CATEGORIA (CODIGO, NOMBRE, DESCRIPCION, CARACTERISTICAS_ALMACENAMIENTO)
VALUES (SECUENCIA_CATEGORIA.NEXTVAL, 'PRENDA_DE_VESTIR', 'Ropa y accesorios para vestir.', 'Almacenamiento en estantes o perchas, protegidos del polvo.');

INSERT INTO CATEGORIA (CODIGO, NOMBRE, DESCRIPCION, CARACTERISTICAS_ALMACENAMIENTO)
VALUES (SECUENCIA_CATEGORIA.NEXTVAL, 'MUEBLE', 'Articulos de mobiliario.', 'Almacenamiento en almacenes amplios y secos.');

INSERT INTO CATEGORIA (CODIGO, NOMBRE, DESCRIPCION, CARACTERISTICAS_ALMACENAMIENTO)
VALUES (SECUENCIA_CATEGORIA.NEXTVAL, 'HERRAMIENTA', 'Herramientas para construccion y reparaciones.', 'Almacenamiento en estanterias robustas, en areas seguras.');

-- PRODUCTO --
-- Secuencia producto --
CREATE SEQUENCE SECUENCIA_PRODUCTO
START WITH 1
INCREMENT BY 1;

SELECT *
FROM ORDEN_DE_COMPRA;

--Datos--
INSERT INTO PRODUCTO (IDENTIFICADOR, NOMBRE, COSTO_EN_BODEGA, PRESENTACION, CANTIDAD_PRESENTACION, UNIDAD_MEDIDA, VOLUMEN_EMPAQUE, PESO_EMPAQUE, FECHA_EXPIRACION, CODIGO_DE_BARRAS, CLASIFICACION_CATEGORIA)
VALUES (SECUENCIA_PRODUCTO.NEXTVAL, 'Leche Alpin', 6000, 'Paquete de alpines fresa, vainilla y chocolate.', 600, 'ML', '150 cm3', '30 gr', TO_DATE('2027-12-12', 'YYYY-MM-DD'), 'f0f0f0f0f0', 1);

INSERT INTO PRODUCTO (IDENTIFICADOR, NOMBRE, COSTO_EN_BODEGA, PRESENTACION, CANTIDAD_PRESENTACION, UNIDAD_MEDIDA, VOLUMEN_EMPAQUE, PESO_EMPAQUE, FECHA_EXPIRACION, CODIGO_DE_BARRAS, CLASIFICACION_CATEGORIA)
VALUES (SECUENCIA_PRODUCTO.NEXTVAL, 'Leche', 4500, 'Caja de leche fresca.', 8000, 'ML', '1000 cm3', '30 gr', TO_DATE('2025-11-05', 'YYYY-MM-DD'), 'a1b2c3d4e5', 1);

INSERT INTO PRODUCTO (IDENTIFICADOR, NOMBRE, COSTO_EN_BODEGA, PRESENTACION, CANTIDAD_PRESENTACION, UNIDAD_MEDIDA, VOLUMEN_EMPAQUE, PESO_EMPAQUE, FECHA_EXPIRACION, CODIGO_DE_BARRAS, CLASIFICACION_CATEGORIA)
VALUES (SECUENCIA_PRODUCTO.NEXTVAL, 'Camiseta', 46900, 'Camiseta disenio Dua Lipa unisex.', 15, 'GR', '500 cm3', '40 gr', NULL, 'd4e5f6g7h8', 6);

INSERT INTO PRODUCTO (IDENTIFICADOR, NOMBRE, COSTO_EN_BODEGA, PRESENTACION, CANTIDAD_PRESENTACION, UNIDAD_MEDIDA, VOLUMEN_EMPAQUE, PESO_EMPAQUE, FECHA_EXPIRACION, CODIGO_DE_BARRAS, CLASIFICACION_CATEGORIA)
VALUES (SECUENCIA_PRODUCTO.NEXTVAL, 'Silla', 24000, 'Silla cafe de cuatro patas.', 500.15, 'GR', '3000 cm3', '500 gr', NULL, 'b2c3d4e5f6', 5);

INSERT INTO PRODUCTO (IDENTIFICADOR, NOMBRE, COSTO_EN_BODEGA, PRESENTACION, CANTIDAD_PRESENTACION, UNIDAD_MEDIDA, VOLUMEN_EMPAQUE, PESO_EMPAQUE, FECHA_EXPIRACION, CODIGO_DE_BARRAS, CLASIFICACION_CATEGORIA)
VALUES (SECUENCIA_PRODUCTO.NEXTVAL, 'Vegetales Mixtos Congelados', 3000, 'Bolsa de vegetales mixtos (zanahorias y brocoli).', 500, 'GR', '200 cm3', '500 gr', TO_DATE('2026-03-01', 'YYYY-MM-DD'), 'e1f2g3h4i5', 4);

INSERT INTO PRODUCTO (IDENTIFICADOR, NOMBRE, COSTO_EN_BODEGA, PRESENTACION, CANTIDAD_PRESENTACION, UNIDAD_MEDIDA, VOLUMEN_EMPAQUE, PESO_EMPAQUE, FECHA_EXPIRACION, CODIGO_DE_BARRAS, CLASIFICACION_CATEGORIA)
VALUES (SECUENCIA_PRODUCTO.NEXTVAL, 'Jabon Liquido', 12000, 'Botella de jabon liquido para manos.', 500, 'ML', '300 cm3', '100 gr', NULL, 'f3g4h5i6j7', 3);

INSERT INTO PRODUCTO (IDENTIFICADOR, NOMBRE, COSTO_EN_BODEGA, PRESENTACION, CANTIDAD_PRESENTACION, UNIDAD_MEDIDA, VOLUMEN_EMPAQUE, PESO_EMPAQUE, FECHA_EXPIRACION, CODIGO_DE_BARRAS, CLASIFICACION_CATEGORIA)
VALUES (SECUENCIA_PRODUCTO.NEXTVAL, 'Pollo Congelado', 15000, 'Paquete de pollo congelado.', 1000, 'GR', '500 cm3', '150 gr', TO_DATE('2025-08-12', 'YYYY-MM-DD'), 'g4h5i6j7k8', 4);

INSERT INTO PRODUCTO (IDENTIFICADOR, NOMBRE, COSTO_EN_BODEGA, PRESENTACION, CANTIDAD_PRESENTACION, UNIDAD_MEDIDA, VOLUMEN_EMPAQUE, PESO_EMPAQUE, FECHA_EXPIRACION, CODIGO_DE_BARRAS, CLASIFICACION_CATEGORIA)
VALUES (SECUENCIA_PRODUCTO.NEXTVAL, 'Martillo', 35000, 'Martillo de carpintero de acero.', 700, 'GR', '1500 cm3', '400 gr', NULL, 'h5i6j7k8l9', 7);

INSERT INTO PRODUCTO (IDENTIFICADOR, NOMBRE, COSTO_EN_BODEGA, PRESENTACION, CANTIDAD_PRESENTACION, UNIDAD_MEDIDA, VOLUMEN_EMPAQUE, PESO_EMPAQUE, FECHA_EXPIRACION, CODIGO_DE_BARRAS, CLASIFICACION_CATEGORIA)
VALUES (SECUENCIA_PRODUCTO.NEXTVAL, 'Camisa', 25000, 'Camisa manga larga de algodon.', 20, 'GR', '300 cm3', '200 gr', NULL, 'j7k8l9m0n1', 6);

INSERT INTO PRODUCTO (IDENTIFICADOR, NOMBRE, COSTO_EN_BODEGA, PRESENTACION, CANTIDAD_PRESENTACION, UNIDAD_MEDIDA, VOLUMEN_EMPAQUE, PESO_EMPAQUE, FECHA_EXPIRACION, CODIGO_DE_BARRAS, CLASIFICACION_CATEGORIA)
VALUES (SECUENCIA_PRODUCTO.NEXTVAL, 'Detergente en Polvo', 3000, 'Bolsa de detergente en polvo para ropa.', 2000, 'GR', '1000 cm3', '200 gr', NULL, 'l8m9n0o1p2', 3);

INSERT INTO PRODUCTO (IDENTIFICADOR, NOMBRE, COSTO_EN_BODEGA, PRESENTACION, CANTIDAD_PRESENTACION, UNIDAD_MEDIDA, VOLUMEN_EMPAQUE, PESO_EMPAQUE, FECHA_EXPIRACION, CODIGO_DE_BARRAS, CLASIFICACION_CATEGORIA)
VALUES (SECUENCIA_PRODUCTO.NEXTVAL, 'Zapatos Deportivos', 150000, 'Zapatos deportivos talla 42.', 1000, 'GR', '2000 cm3', '300 gr', NULL, 'm0n1o2p3q4', 5);

INSERT INTO PRODUCTO (IDENTIFICADOR, NOMBRE, COSTO_EN_BODEGA, PRESENTACION, CANTIDAD_PRESENTACION, UNIDAD_MEDIDA, VOLUMEN_EMPAQUE, PESO_EMPAQUE, FECHA_EXPIRACION, CODIGO_DE_BARRAS, CLASIFICACION_CATEGORIA)
VALUES (SECUENCIA_PRODUCTO.NEXTVAL, 'Helado de Vainilla', 12000, 'Envase de helado (500 ml).', 500, 'ML', '300 cm3', '100 gr', NULL, 'n0m1o2p3q4', 1);

INSERT INTO PRODUCTO (IDENTIFICADOR, NOMBRE, COSTO_EN_BODEGA, PRESENTACION, CANTIDAD_PRESENTACION, UNIDAD_MEDIDA, VOLUMEN_EMPAQUE, PESO_EMPAQUE, FECHA_EXPIRACION, CODIGO_DE_BARRAS, CLASIFICACION_CATEGORIA)
VALUES (SECUENCIA_PRODUCTO.NEXTVAL, 'Desinfectante en Spray', 12000, 'Botella de desinfectante en spray.', 400, 'ML', '250 cm3', '80 gr', NULL, 'p3q4r5s6t7', 3);

INSERT INTO PRODUCTO (IDENTIFICADOR, NOMBRE, COSTO_EN_BODEGA, PRESENTACION, CANTIDAD_PRESENTACION, UNIDAD_MEDIDA, VOLUMEN_EMPAQUE, PESO_EMPAQUE, FECHA_EXPIRACION, CODIGO_DE_BARRAS, CLASIFICACION_CATEGORIA)
VALUES (SECUENCIA_PRODUCTO.NEXTVAL, 'Pantalones Jeans', 55000, 'Pantalones jeans talla 32.', 500, 'GR', '1500 cm3', '500 gr', NULL, 'q4r5s6t7u8', 5);

INSERT INTO PRODUCTO (IDENTIFICADOR, NOMBRE, COSTO_EN_BODEGA, PRESENTACION, CANTIDAD_PRESENTACION, UNIDAD_MEDIDA, VOLUMEN_EMPAQUE, PESO_EMPAQUE, FECHA_EXPIRACION, CODIGO_DE_BARRAS, CLASIFICACION_CATEGORIA)
VALUES (SECUENCIA_PRODUCTO.NEXTVAL, 'Jugo de Naranja', 3000, 'Botella de jugo natural.', 1000, 'ML', '200 cm3', '50 gr', TO_DATE('2026-03-04', 'YYYY-MM-DD'), 'e1f2g3h4y5', 1);

INSERT INTO PRODUCTO (IDENTIFICADOR, NOMBRE, COSTO_EN_BODEGA, PRESENTACION, CANTIDAD_PRESENTACION, UNIDAD_MEDIDA, VOLUMEN_EMPAQUE, PESO_EMPAQUE, FECHA_EXPIRACION, CODIGO_DE_BARRAS, CLASIFICACION_CATEGORIA)
VALUES (SECUENCIA_PRODUCTO.NEXTVAL, 'Cinta Adhesiva', 3000, 'Rollo de cinta adhesiva de 50 metros.', 1, 'GR', '100 cm3', '10 gr', NULL, 'm1n2o3p4q5', 7);

INSERT INTO PRODUCTO (IDENTIFICADOR, NOMBRE, COSTO_EN_BODEGA, PRESENTACION, CANTIDAD_PRESENTACION, UNIDAD_MEDIDA, VOLUMEN_EMPAQUE, PESO_EMPAQUE, FECHA_EXPIRACION, CODIGO_DE_BARRAS, CLASIFICACION_CATEGORIA)
VALUES (SECUENCIA_PRODUCTO.NEXTVAL, 'Destornillador Phillips', 32000, 'Destornillador Phillips tamanio mediano', 23, 'GR', '150 cm3', '150 gr', NULL, 't1u2v3w4x5', 7);

INSERT INTO PRODUCTO (IDENTIFICADOR, NOMBRE, COSTO_EN_BODEGA, PRESENTACION, CANTIDAD_PRESENTACION, UNIDAD_MEDIDA, VOLUMEN_EMPAQUE, PESO_EMPAQUE, FECHA_EXPIRACION, CODIGO_DE_BARRAS, CLASIFICACION_CATEGORIA)
VALUES (SECUENCIA_PRODUCTO.NEXTVAL, 'Tijeras', 12000, 'Tijeras punta de roma, disenio de panda.', 2, 'GR', '90 cm3', '10 gr', NULL, 'n3o4p5q6r7', 6);

INSERT INTO PRODUCTO (IDENTIFICADOR, NOMBRE, COSTO_EN_BODEGA, PRESENTACION, CANTIDAD_PRESENTACION, UNIDAD_MEDIDA, VOLUMEN_EMPAQUE, PESO_EMPAQUE, FECHA_EXPIRACION, CODIGO_DE_BARRAS, CLASIFICACION_CATEGORIA)
VALUES (SECUENCIA_PRODUCTO.NEXTVAL, 'Plato de Ceramica', 40000, 'Set de 4 platos de ceramica.', 350, 'GR', '800 cm3', '400 gr', NULL, 'o4p5q6r7s8', 5);

INSERT INTO PRODUCTO (IDENTIFICADOR, NOMBRE, COSTO_EN_BODEGA, PRESENTACION, CANTIDAD_PRESENTACION, UNIDAD_MEDIDA, VOLUMEN_EMPAQUE, PESO_EMPAQUE, FECHA_EXPIRACION, CODIGO_DE_BARRAS, CLASIFICACION_CATEGORIA)
VALUES (SECUENCIA_PRODUCTO.NEXTVAL, 'Llave Inglesa Ajustable', 15000, 'Llave inglesa ajustable de 10 pulgadas.', 45, 'GR', '300 cm3', '250 gr', NULL, 'u2v3w4x5y6', 7);

-- ORDEN DE COMPRA --
-- Secuencia orden de compra --
CREATE SEQUENCE SECUENCIA_ORDEN_DE_COMPRA
START WITH 1
INCREMENT BY 1;


--Datos--
INSERT INTO ORDEN_DE_COMPRA (NUMERO, FECHA_ENTREGA, ESTADO, FECHA_CREACION, ID_SUCURSAL, NIT_PROVEEDOR)
VALUES (SECUENCIA_ORDEN_DE_COMPRA.NEXTVAL, TO_DATE('2024-09-15', 'YYYY-MM-DD'), 'VIGENTE', TO_DATE('2024-09-01', 'YYYY-MM-DD'), 1, '900123456-7');

INSERT INTO ORDEN_DE_COMPRA (NUMERO, FECHA_ENTREGA, ESTADO, FECHA_CREACION, ID_SUCURSAL, NIT_PROVEEDOR)
VALUES (SECUENCIA_ORDEN_DE_COMPRA.NEXTVAL, TO_DATE('2024-10-01', 'YYYY-MM-DD'), 'VIGENTE', TO_DATE('2024-09-20', 'YYYY-MM-DD'), 1, '800234567-8');

INSERT INTO ORDEN_DE_COMPRA (NUMERO, FECHA_ENTREGA, ESTADO, FECHA_CREACION, ID_SUCURSAL, NIT_PROVEEDOR)
VALUES (SECUENCIA_ORDEN_DE_COMPRA.NEXTVAL, TO_DATE('2024-08-25', 'YYYY-MM-DD'), 'ANULADA', TO_DATE('2024-08-10', 'YYYY-MM-DD'), 2, '900345678-9');

INSERT INTO ORDEN_DE_COMPRA (NUMERO, FECHA_ENTREGA, ESTADO, FECHA_CREACION, ID_SUCURSAL, NIT_PROVEEDOR)
VALUES (SECUENCIA_ORDEN_DE_COMPRA.NEXTVAL, TO_DATE('2024-09-30', 'YYYY-MM-DD'), 'VIGENTE', TO_DATE('2024-09-05', 'YYYY-MM-DD'), 3, '901234567-0');

INSERT INTO ORDEN_DE_COMPRA (NUMERO, FECHA_ENTREGA, ESTADO, FECHA_CREACION, ID_SUCURSAL, NIT_PROVEEDOR)
VALUES (SECUENCIA_ORDEN_DE_COMPRA.NEXTVAL, TO_DATE('2024-12-30', 'YYYY-MM-DD'), 'ENTREGADA', TO_DATE('2024-09-05', 'YYYY-MM-DD'), 3, '901234567-0');

-- PRODUCTO EN BODEGA --

INSERT INTO PRODUCTO_EN_BODEGA (IDENTIFICADOR_PRODUCTO, ID_BODEGA, NIVEL_MINIMO_REORDEN, COSTO_PROMEDIO, CAPACIDAD_ALMACENAR_PRODUCTO, CANTIDAD_EN_BODEGA)
VALUES (1, 2, 2, 23000, 23, 21);

INSERT INTO PRODUCTO_EN_BODEGA (IDENTIFICADOR_PRODUCTO, ID_BODEGA, NIVEL_MINIMO_REORDEN, COSTO_PROMEDIO, CAPACIDAD_ALMACENAR_PRODUCTO, CANTIDAD_EN_BODEGA)
VALUES (1, 4, 3, 22200, 23, 20);

INSERT INTO PRODUCTO_EN_BODEGA (IDENTIFICADOR_PRODUCTO, ID_BODEGA, NIVEL_MINIMO_REORDEN, COSTO_PROMEDIO, CAPACIDAD_ALMACENAR_PRODUCTO, CANTIDAD_EN_BODEGA)
VALUES (2, 2, 4, 45500, 45, 34);

INSERT INTO PRODUCTO_EN_BODEGA (IDENTIFICADOR_PRODUCTO, ID_BODEGA, NIVEL_MINIMO_REORDEN, COSTO_PROMEDIO, CAPACIDAD_ALMACENAR_PRODUCTO, CANTIDAD_EN_BODEGA)
VALUES (4, 4, 2, 23400, 21, 12);


INSERT INTO PRODUCTO_EN_BODEGA (IDENTIFICADOR_PRODUCTO, ID_BODEGA, NIVEL_MINIMO_REORDEN, COSTO_PROMEDIO, CAPACIDAD_ALMACENAR_PRODUCTO, CANTIDAD_EN_BODEGA)
VALUES (5, 2, 25, 34503.23, 87, 22);

INSERT INTO PRODUCTO_EN_BODEGA (IDENTIFICADOR_PRODUCTO, ID_BODEGA, NIVEL_MINIMO_REORDEN, COSTO_PROMEDIO, CAPACIDAD_ALMACENAR_PRODUCTO, CANTIDAD_EN_BODEGA)
VALUES (6, 3, 34, 57000, 65, 45);

INSERT INTO PRODUCTO_EN_BODEGA (IDENTIFICADOR_PRODUCTO, ID_BODEGA, NIVEL_MINIMO_REORDEN, COSTO_PROMEDIO, CAPACIDAD_ALMACENAR_PRODUCTO, CANTIDAD_EN_BODEGA)
VALUES (7, 1, 7, 45500, 44, 43);

INSERT INTO PRODUCTO_EN_BODEGA (IDENTIFICADOR_PRODUCTO, ID_BODEGA, NIVEL_MINIMO_REORDEN, COSTO_PROMEDIO, CAPACIDAD_ALMACENAR_PRODUCTO, CANTIDAD_EN_BODEGA)
VALUES (8, 3, 4, 23050, 34, 33);

INSERT INTO PRODUCTO_EN_BODEGA (IDENTIFICADOR_PRODUCTO, ID_BODEGA, NIVEL_MINIMO_REORDEN, COSTO_PROMEDIO, CAPACIDAD_ALMACENAR_PRODUCTO, CANTIDAD_EN_BODEGA)
VALUES (9, 4, 12, 123450, 78, 56);

INSERT INTO PRODUCTO_EN_BODEGA (IDENTIFICADOR_PRODUCTO, ID_BODEGA, NIVEL_MINIMO_REORDEN, COSTO_PROMEDIO, CAPACIDAD_ALMACENAR_PRODUCTO, CANTIDAD_EN_BODEGA)
VALUES (10, 3, 22, 90000, 56, 23);

INSERT INTO PRODUCTO_EN_BODEGA (IDENTIFICADOR_PRODUCTO, ID_BODEGA, NIVEL_MINIMO_REORDEN, COSTO_PROMEDIO, CAPACIDAD_ALMACENAR_PRODUCTO, CANTIDAD_EN_BODEGA)
VALUES (11, 4, 22, 89000, 43, 34);

INSERT INTO PRODUCTO_EN_BODEGA (IDENTIFICADOR_PRODUCTO, ID_BODEGA, NIVEL_MINIMO_REORDEN, COSTO_PROMEDIO, CAPACIDAD_ALMACENAR_PRODUCTO, CANTIDAD_EN_BODEGA)
VALUES (12, 3, 20, 222000.22, 25, 22);

INSERT INTO PRODUCTO_EN_BODEGA (IDENTIFICADOR_PRODUCTO, ID_BODEGA, NIVEL_MINIMO_REORDEN, COSTO_PROMEDIO, CAPACIDAD_ALMACENAR_PRODUCTO, CANTIDAD_EN_BODEGA)
VALUES (13, 3, 22, 23400, 67, 60);

INSERT INTO PRODUCTO_EN_BODEGA (IDENTIFICADOR_PRODUCTO, ID_BODEGA, NIVEL_MINIMO_REORDEN, COSTO_PROMEDIO, CAPACIDAD_ALMACENAR_PRODUCTO, CANTIDAD_EN_BODEGA)
VALUES (15, 2, 20, 25000, 120, 119);

INSERT INTO PRODUCTO_EN_BODEGA (IDENTIFICADOR_PRODUCTO, ID_BODEGA, NIVEL_MINIMO_REORDEN, COSTO_PROMEDIO, CAPACIDAD_ALMACENAR_PRODUCTO, CANTIDAD_EN_BODEGA)
VALUES (16, 3, 4, 26700, 34, 33);

INSERT INTO PRODUCTO_EN_BODEGA (IDENTIFICADOR_PRODUCTO, ID_BODEGA, NIVEL_MINIMO_REORDEN, COSTO_PROMEDIO, CAPACIDAD_ALMACENAR_PRODUCTO, CANTIDAD_EN_BODEGA)
VALUES (17, 1, 13, 36550, 56, 55);

INSERT INTO PRODUCTO_EN_BODEGA (IDENTIFICADOR_PRODUCTO, ID_BODEGA, NIVEL_MINIMO_REORDEN, COSTO_PROMEDIO, CAPACIDAD_ALMACENAR_PRODUCTO, CANTIDAD_EN_BODEGA)
VALUES (19, 2, 27, 78400, 55, 43);

INSERT INTO PRODUCTO_EN_BODEGA (IDENTIFICADOR_PRODUCTO, ID_BODEGA, NIVEL_MINIMO_REORDEN, COSTO_PROMEDIO, CAPACIDAD_ALMACENAR_PRODUCTO, CANTIDAD_EN_BODEGA)
VALUES (2, 1, 6, 45500, 48, 2);

INSERT INTO PRODUCTO_EN_BODEGA (IDENTIFICADOR_PRODUCTO, ID_BODEGA, NIVEL_MINIMO_REORDEN, COSTO_PROMEDIO, CAPACIDAD_ALMACENAR_PRODUCTO, CANTIDAD_EN_BODEGA)
VALUES (5, 3, 25, 34503.23, 87, 1);

INSERT INTO PRODUCTO_EN_BODEGA (IDENTIFICADOR_PRODUCTO, ID_BODEGA, NIVEL_MINIMO_REORDEN, COSTO_PROMEDIO, CAPACIDAD_ALMACENAR_PRODUCTO, CANTIDAD_EN_BODEGA)
VALUES (15, 4, 120, 25000, 120, 100);

-- PRODUCTO PEDIDO --

INSERT INTO PRODUCTO_PEDIDO (IDENTIFICADOR_PRODUCTO, NUMERO_ORDEN_DE_COMPRA, CANTIDAD_EN_ORDEN)
VALUES (3, 1, 22);

INSERT INTO PRODUCTO_PEDIDO (IDENTIFICADOR_PRODUCTO, NUMERO_ORDEN_DE_COMPRA, CANTIDAD_EN_ORDEN)
VALUES (14, 2, 43);

INSERT INTO PRODUCTO_PEDIDO (IDENTIFICADOR_PRODUCTO, NUMERO_ORDEN_DE_COMPRA, CANTIDAD_EN_ORDEN)
VALUES (14, 3, 24);

INSERT INTO PRODUCTO_PEDIDO (IDENTIFICADOR_PRODUCTO, NUMERO_ORDEN_DE_COMPRA, CANTIDAD_EN_ORDEN)
VALUES (18, 3, 12);

INSERT INTO PRODUCTO_PEDIDO (IDENTIFICADOR_PRODUCTO, NUMERO_ORDEN_DE_COMPRA, CANTIDAD_EN_ORDEN)
VALUES (20, 4, 29);

INSERT INTO PRODUCTO_PEDIDO (IDENTIFICADOR_PRODUCTO, NUMERO_ORDEN_DE_COMPRA, CANTIDAD_EN_ORDEN)
VALUES (20, 1, 13);


-- PRODUCTO PROVEEDOR --

INSERT INTO PRODUCTO_PROVEEDOR (IDENTIFICADOR_PRODUCTO, NIT_PROVEEDOR)
VALUES (1, '900123456-7');

INSERT INTO PRODUCTO_PROVEEDOR (IDENTIFICADOR_PRODUCTO, NIT_PROVEEDOR)
VALUES (1, '800234567-8');

INSERT INTO PRODUCTO_PROVEEDOR (IDENTIFICADOR_PRODUCTO, NIT_PROVEEDOR)
VALUES (2, '800234567-8');

INSERT INTO PRODUCTO_PROVEEDOR (IDENTIFICADOR_PRODUCTO, NIT_PROVEEDOR)
VALUES (3, '900123456-7');

INSERT INTO PRODUCTO_PROVEEDOR (IDENTIFICADOR_PRODUCTO, NIT_PROVEEDOR)
VALUES (3, '900345678-9');

INSERT INTO PRODUCTO_PROVEEDOR (IDENTIFICADOR_PRODUCTO, NIT_PROVEEDOR)
VALUES (4, '901234567-0');

INSERT INTO PRODUCTO_PROVEEDOR (IDENTIFICADOR_PRODUCTO, NIT_PROVEEDOR)
VALUES (5, '900123456-7');

INSERT INTO PRODUCTO_PROVEEDOR (IDENTIFICADOR_PRODUCTO, NIT_PROVEEDOR)
VALUES (6, '902345678-1');

INSERT INTO PRODUCTO_PROVEEDOR (IDENTIFICADOR_PRODUCTO, NIT_PROVEEDOR)
VALUES (7, '900123456-7');

INSERT INTO PRODUCTO_PROVEEDOR (IDENTIFICADOR_PRODUCTO, NIT_PROVEEDOR)
VALUES (7, '800234567-8');

INSERT INTO PRODUCTO_PROVEEDOR (IDENTIFICADOR_PRODUCTO, NIT_PROVEEDOR)
VALUES (8, '900345678-9');

INSERT INTO PRODUCTO_PROVEEDOR (IDENTIFICADOR_PRODUCTO, NIT_PROVEEDOR)
VALUES (9, '900345678-9');

INSERT INTO PRODUCTO_PROVEEDOR (IDENTIFICADOR_PRODUCTO, NIT_PROVEEDOR)
VALUES (9, '901234567-0');

INSERT INTO PRODUCTO_PROVEEDOR (IDENTIFICADOR_PRODUCTO, NIT_PROVEEDOR)
VALUES (10, '902345678-1');

INSERT INTO PRODUCTO_PROVEEDOR (IDENTIFICADOR_PRODUCTO, NIT_PROVEEDOR)
VALUES (11, '900123456-7');

INSERT INTO PRODUCTO_PROVEEDOR (IDENTIFICADOR_PRODUCTO, NIT_PROVEEDOR)
VALUES (12, '800234567-8');

INSERT INTO PRODUCTO_PROVEEDOR (IDENTIFICADOR_PRODUCTO, NIT_PROVEEDOR)
VALUES (13, '900345678-9');

INSERT INTO PRODUCTO_PROVEEDOR (IDENTIFICADOR_PRODUCTO, NIT_PROVEEDOR)
VALUES (14, '901234567-0');

INSERT INTO PRODUCTO_PROVEEDOR (IDENTIFICADOR_PRODUCTO, NIT_PROVEEDOR)
VALUES (15, '902345678-1');

INSERT INTO PRODUCTO_PROVEEDOR (IDENTIFICADOR_PRODUCTO, NIT_PROVEEDOR)
VALUES (16, '900123456-7');

INSERT INTO PRODUCTO_PROVEEDOR (IDENTIFICADOR_PRODUCTO, NIT_PROVEEDOR)
VALUES (17, '800234567-8');

INSERT INTO PRODUCTO_PROVEEDOR (IDENTIFICADOR_PRODUCTO, NIT_PROVEEDOR)
VALUES (18, '900345678-9');

INSERT INTO PRODUCTO_PROVEEDOR (IDENTIFICADOR_PRODUCTO, NIT_PROVEEDOR)
VALUES (19, '901234567-0');

INSERT INTO PRODUCTO_PROVEEDOR (IDENTIFICADOR_PRODUCTO, NIT_PROVEEDOR)
VALUES (20, '902345678-1');